Match,Match-href,Home,Away,Score,Date/Time,element
"Match page >","http://opta.mc.cloud.opta.net/sportscentre/index.html?page=match&mc=RugbyProPortal&season=2018&competition=203&match=318051","Agen","Pau","14 - 20","KO: 23 Sep 2017 17:00","PauMinutes PlayedTacklesMissed TacklesTurnovers Won1. Jamie Mackintosh 5416012. Laurent Bouchet 4711003. Sylvain Charlet 474004. Daniel Ramsay 3910005. Fabrice Metz 7614206. Pierrick Gunther 8023007. Sean Dougall 8018208. Baptiste Pesenti 304119. Julien Tomas 4790110. Colin Slade 2381011. Frank Halai 8060112. Jale Vatubua 4743013. Conrad Smith 8070014. Adrien Plante 8071015. Charly Malie 8030116. Quentin Lespiaucq 33161017. Geoffrey Moise 26160018. Masalosalo Tutaia 40131219. Paddy Butler 50130020. Thibault Daubagna 3370021. Brandon Fajardo 5741022. Florian Nicot 3320023. Malik Hamadache 331200"
"Match page >","http://opta.mc.cloud.opta.net/sportscentre/index.html?page=match&mc=RugbyProPortal&season=2018&competition=203&match=318071","Agen","Lyon","6 - 25","KO: 07 Oct 2017 19:45","LyonMinutes PlayedTacklesMissed TacklesTurnovers Won1. Albertus Buckle 518022. Mickael Ivaldi 5514113. Francisco Gomez Kodela 519304. Felix Lambey 8019405. Hendrik Roodt 709106. Julien Puricelli 8012207. Liam Gill 5815018. Carl Fearns 243009. Baptiste Couilloud 7270010. Frederic Michalak 8063011. Alexis Palisson 8051112. Thibault Regard 8060113. Rudi Wulf 80110214. Timilai Rokoduru 5122015. Jean-Marcellin Buttin 8000016. Virgile Lacombe 2580017. Alexandre Menini 2950018. Etienne Oosthuizen 1051019. Taiasina Tuifua 56112020. Jonathan Pelissie 810021. Hemani Paea 2932022. Virgile Bruni 2271023. Richard Choirat 29501"
"Match page >","http://opta.mc.cloud.opta.net/sportscentre/index.html?page=match&mc=RugbyProPortal&season=2018&competition=203&match=318034","La Rochelle","Clermont Auvergne","51 - 20","KO: 09 Sep 2017 13:45","Clermont AuvergneMinutes PlayedTacklesMissed TacklesTurnovers Won1. Raphael Chaume 477302. John Ulugia 467003. Rabah Slimani 4610204. Paul Jedrasiak 8014335. Sitaleki Timani 688106. Alexandre Lapandry 8015317. Judicael Cancoriet 467208. Fritz Lee 8014309. Greig Laidlaw 5951010. Camille Lopez 5370011. Remy Grosso 7041112. Damian Penaud 6152213. Aurelien Rougerie 80132114. David Strettle 8051015. Scott Spedding 8011016. Benjamin Kayser 3451017. Etienne Falgoux 2331018. Maxence Barjaud 1220019. Otar Giorgadze 3441020. Charlie Cassang 2100021. Patricio Fernandez 2710022. Peter Betham 1910023. Davit Zirakashvili 34400"
"Match page >","http://opta.mc.cloud.opta.net/sportscentre/index.html?page=match&mc=RugbyProPortal&season=2018&competition=203&match=318087","Toulon","Brive","41 - 24","KO: 28 Oct 2017 13:45","BriveMinutes PlayedTacklesMissed TacklesTurnovers Won1. Karlen Asieshvili505212. Mike Tadjer505103. Damien Jourdain507204. Jan Uys8019005. Sisa Koyamaibole557106. Said Hireche7017107. Fabien Sanconnie709208. Petrus Hauman5511309. Florian Cazenave5284010. Matthieu Ugalde5993011. Benito Masilevu8065012. Poutasi Luafutu8095013. Arnaud Mignardi8094014. Benjamin Lapeyre8083115. Gaetan Germain6101016. Thomas Acquier3021117. Julien Brugnaut2941018. James Johnston1640019. Julien Ledevedec2540020. Samuel Marques2810021. Thomas Laranjeira2131022. Felix Le Bourhis920023. Sila Puafisi30310"
"Match page >","http://opta.mc.cloud.opta.net/sportscentre/index.html?page=match&mc=RugbyProPortal&season=2018&competition=203&match=318093","Lyon","La Rochelle","15 - 19","KO: 04 Nov 2017 17:30","La RochelleMinutes PlayedTacklesMissed TacklesTurnovers Won1. Mike Corbel7113202. Jeremie Maurouard7113013. Uini Atonio301104. Romain Sazy8016205. Jone Qovu Nailiko8017206. Zeno Kieft618007. Victor Vito808318. Afaesetiti Amosa7120119. Jean Victor Goillot3730010. Brock James8055011. Jeremy Sinzelle8011012. Pierre Boudehent7472113. Paul Jordaan80112214. Vincent Rattez8051015. Kini Murimurivalu8030116. Jean Charles Orioli940017. Vincent Pelo901018. Jason Eaton1940019. Levani Botia920020. Alexis Bales4340021. Elliot Roudil630022. Steeve Barry000023. Mohamed Boughanmi501220"
"Match page >","http://opta.mc.cloud.opta.net/sportscentre/index.html?page=match&mc=RugbyProPortal&season=2018&competition=203&match=318042","Clermont Auvergne","Brive","62 - 6","KO: 16 Sep 2017 19:45","BriveMinutes PlayedTacklesMissed TacklesTurnovers Won1. Karlen Asieshvili 505102. Francois Da Ros 504213. James Johnston 401004. Julien Ledevedec 697305. Sisa Koyamaibole 704016. Said Hireche 8013037. Dominiko Waqaniburotu 809008. Petrus Hauman 223009. Vasil Lobzhanidze 64100010. Nicolas Bezy 6476011. Nadir Megdoud 8090212. Thomas Laranjeira 67113013. Arnaud Mignardi 7097014. Benito Masilevu 6022015. Benjamin Lapeyre 8034116. Mike Tadjer 3022017. Naama Leleimalefaga 3050018. Johan Snyman 1121019. Poutasi Luafutu 5862020. Florian Cazenave 1601021. Matthieu Ugalde 3101022. Felix Le Bourhis 2031123. Damien Jourdain 40420"
"Match page >","http://opta.mc.cloud.opta.net/sportscentre/index.html?page=match&mc=RugbyProPortal&season=2018&competition=203&match=318055","Lyon","Castres","31 - 12","KO: 24 Sep 2017 11:30","CastresMinutes PlayedTacklesMissed TacklesTurnovers Won1. Mihaita Lazar 403002. Kevin Firmin 409003. Damien Tussac 402004. Thibault Lassalle 807005. Rodrigo Capo Ortega 202006. Alexandre Bias 809207. Anthony Jelonch 8011108. Maama Vaipulu 578219. Rory Kockott 6333010. Yohan Le Bourhis 4051011. David Smith 8021012. Florian Vialelle 5781013. Robert Ebersohn 8030014. Kylian Jaminet 8041115. Julien Dumora 8030016. Jody Jenneker 4010017. Tudor Stroe 4011018. Victor Moreaux 6063019. Alex Tulou 2300020. Benjamin Urdapilleta 3901021. Ludovic Radosavljevic 1720022. Thomas Combezou 2300023. Daniel Kotze 40210"
"Match page >","http://opta.mc.cloud.opta.net/sportscentre/index.html?page=match&mc=RugbyProPortal&season=2018&competition=203&match=318013","Montpellier","Agen","48 - 19","KO: 26 Aug 2017 17:00","AgenMinutes PlayedTacklesMissed TacklesTurnovers Won1. Quentin Bethune 343002. Facundo Bosch 343003. Dave Ryan 423004. Tom Murday 468005. Denis Marchois 809006. Antoine Miquel 806007. Vincent Farre 809008. Akapusi Qera 401009. Ricky Januarie 5341110. Jake McIntyre 6710011. George Tilsley 8020012. Julien Heriteau 8052013. Johann Sadie 8031014. Vilikisa Salawa 8035015. Mathieu Lamoulie 3231116. Loick Jammes 4671017. Morgan Phelipponneau 4631018. Leandro Cedaro 2410019. Antoine Erbani 4000020. Hugo Verdu 2710021. Jeremy Russell 1310022. Tamaz Mchedlidze 4821023. Vakhtangi Akhobadze 38100"
"Match page >","http://opta.mc.cloud.opta.net/sportscentre/index.html?page=match&mc=RugbyProPortal&season=2018&competition=203&match=318065","Racing 92","Lyon","17 - 20","KO: 30 Sep 2017 19:45","LyonMinutes PlayedTacklesMissed TacklesTurnovers Won1. Stephane Clement 431102. Virgile Lacombe 552103. Richard Choirat 433214. Felix Lambey 596005. Francois van der Merwe 508106. Julien Puricelli 808107. Dylan Cretin 715018. Taiasina Tuifua 769209. Baptiste Couilloud 7071010. Frederic Michalak 6880011. Alexis Palisson 8031012. Hemani Paea 5750013. Thibault Regard 8063014. Toby Arnold 8010015. Delon Armitage 8021016. Deon Fourie 2161017. Alexandre Menini 3740018. Hendrik Roodt 3031019. Etienne Oosthuizen 2130120. Piero Dominguez 2230021. Virgile Bruni 920022. Jean-Marcellin Buttin 2310023. Francisco Gomez Kodela 37400"
"Match page >","http://opta.mc.cloud.opta.net/sportscentre/index.html?page=match&mc=RugbyProPortal&season=2018&competition=203&match=318024","Montpellier","Oyonnax","37 - 6","KO: 02 Sep 2017 17:45","OyonnaxMinutes PlayedTacklesMissed TacklesTurnovers Won1. Khatchik Vartanov5510102. Benjamin Geledan473103. Irakli Mirtskhulava402004. Phoenix Battye8011005. Christian Njewel586016. Patrick Sobela8012227. Luc Barba497008. Curtis Browning6511109. James Hall8080010. Christopher Ruiz6763011. Dug Codjo8010012. Ulupano Seuteni8092013. Mitch Inman80101014. Axel Muler8051015. Silvere Tian5820016. Quentin MacDonald3340017. Kevin Buys2532018. Geoffrey Fabbri2220019. Vili Ma'afu3100020. Jeremy Gondrand1310021. Roimata Hansell-Pune2200022. Bilel Taieb1550023. Pietro Ceccarelli40710"
"Match page >","http://opta.mc.cloud.opta.net/sportscentre/index.html?page=match&mc=RugbyProPortal&season=2018&competition=203&match=318037","Toulon","Toulouse","20 - 16","KO: 10 Sep 2017 15:50","ToulouseMinutes PlayedTacklesMissed TacklesTurnovers Won1. Lucas Pointud 766002. David Roumieu 558103. Dorian Aldegheri 443004. Piula Faasalele 8014115. Yoann Maestri 809106. François Cros 808007. Semi Kunatani 484108. Gillian Galan 6411119. Antoine Dupont 8040110. Jean-Marc Doussain 78122111. Wandie Mjekevu 7331012. Florian Fritz 3333013. Yann David 8060014. Yoann Huget 6411015. Cheslin Kolbe 8022016. Leonardo Ghiraldini 2501017. Danie Mienie 400018. Joe Tekori 1600019. Talalelei Gray 3210020. Zack Holmes 200021. Paul Perez 1602022. Jarrod Poi 4711023. Maks van Dyk 36810"
"Match page >","http://opta.mc.cloud.opta.net/sportscentre/index.html?page=match&mc=RugbyProPortal&season=2018&competition=203&match=318056","Stade Francais","Toulon","15 - 19","KO: 24 Sep 2017 15:50","ToulonMinutes PlayedTacklesMissed TacklesTurnovers Won1. Florian Fresia697002. Guilhem Guirado536003. Marcel Van der Merwe536004. Swan Rebbadj807015. Romain Taofifenua657206. Juan Martin Fernandez Lobbe679207. Facundo Isa807008. Samu Manoa808109. Sebastien Tillous-Borde6942010. Anthony Belleau72111111. Chris Ashton4601012. Luke McAlister8061013. Mathieu Bastareaud80102114. Josua Tuisova7050215. Hugo Bonneval8041016. Anthony Etrillard2750017. Laurent DelBoulbes1121018. Jocelino Suta1530019. Rudy Gahetau1310020. Louis Carbonel800021. JP Pietersen3420022. Eric Escande1110023. Emerick Setiano27310"
"Match page >","http://opta.mc.cloud.opta.net/sportscentre/index.html?page=match&mc=RugbyProPortal&season=2018&competition=203&match=318073","Brive","Castres","27 - 22","KO: 07 Oct 2017 17:45","CastresMinutes PlayedTacklesMissed TacklesTurnovers Won1. Antoine Tichit566402. Jody Jenneker533103. Daniel Kotze674114. Loic Jacquet808005. Victor Moreaux303006. Alexandre Bias401107. Anthony Jelonch5310418. Maama Vaipulu807009. Ludovic Radosavljevic6771010. Benjamin Urdapilleta8012011. David Smith8022012. Florian Vialelle5652013. Robert Ebersohn8071014. Julien Caminati8042015. Julien Dumora8002016. Kevin Firmin2720017. Tudor Stroe2440018. Christophe Samson4010019. Steve Mafi4010020. Yohan Domenech1311021. Thomas Combezou2400022. Alex Tulou2710023. Damien Tussac13000"
"Match page >","http://opta.mc.cloud.opta.net/sportscentre/index.html?page=match&mc=RugbyProPortal&season=2018&competition=203&match=318076","Stade Francais","Montpellier","31 - 20","KO: 07 Oct 2017 13:45","MontpellierMinutes PlayedTacklesMissed TacklesTurnovers Won1. Mikheil Nariashvili 714002. Bismarck Du Plessis 762103. Antoine Guillamon 532004. Jacques Du Plessis 663005. Nicolaas Janse van Rensburg 805106. Fulgence Ouedraogo 8011007. Julien Bardy 314108. Kelian Galletier 806109. Ruan Pienaar 5930010. Francois Steyn 8021011. Nemani Nadolo 7502012. Alexandre Dumoulin 8071013. Henry Immelman 5830114. Joffrey Michel 8020115. Benjamin Fall 6620116. Charles Geli 410017. Yvan Watremez 920018. Julien Delannoy 1410019. Martin Devergie 4931020. Benoit Paillaugue 2110021. Arthur Vincent 1410022. Thomas Darmon 2210023. Mohammed Haouas 22000"
"Match page >","http://opta.mc.cloud.opta.net/sportscentre/index.html?page=match&mc=RugbyProPortal&season=2018&competition=203&match=318014","Oyonnax","Toulouse","23 - 23","KO: 26 Aug 2017 14:10","OyonnaxMinutes PlayedTacklesMissed TacklesTurnovers Won1. Tommy Raynaud171002. Hikawera Elliot612103. Hoani Tui803104. Steven Sykes401205. Christian Njewel653106. Patrick Sobela8010007. Valentin Ursache455008. Rory Grice804009. Jeremy Gondrand5020010. Ben Botica8040011. Dug Codjo8020112. Matt Hopper8093013. Mitch Inman8020014. Daniel Ikpefan8030015. Quentin Etienne Lecoq8000016. Benjamin Geledan1950017. Khatchik Vartanov6390018. Phoenix Battye4040019. Maurie Fa'asavalu1530020. James Hall3020021. Ulupano Seuteni000022. Curtis Browning3530323. Irakli Mirtskhulava0000"
"Match page >","http://opta.mc.cloud.opta.net/sportscentre/index.html?page=match&mc=RugbyProPortal&season=2018&competition=203&match=318041","Agen","La Rochelle","15 - 20","KO: 16 Sep 2017 17:00","La RochelleMinutes PlayedTacklesMissed TacklesTurnovers Won1. Mike Corbel 534002. Jeremie Maurouard 627013. Uini Atonio 452004. Romain Sazy 809005. Jone Qovu Nailiko 809206. Zeno Kieft 538207. Afaesetiti Amosa 6713008. Victor Vito 8012019. Alexis Bales 80146010. Brock James 6730011. Steeve Barry 8041012. Pierre Aguillon 8061113. Paul Jordaan 8040014. Gabriel Lacroix 6731015. Kini Murimurivalu 8031016. Pierre Bourgarit 1840017. Vincent Pelo 2721018. Gregory Lamboley 1311119. Kevin Gourdon 2730020. Jean Victor Goillot 1300021. Pierre Boudehent 010022. Vincent Rattez 1301023. Mohamed Boughanmi 35400"
"Match page >","http://opta.mc.cloud.opta.net/sportscentre/index.html?page=match&mc=RugbyProPortal&season=2018&competition=203&match=318032","Brive","Racing 92","6 - 25","KO: 09 Sep 2017 17:00","Racing 92Minutes PlayedTacklesMissed TacklesTurnovers Won1. Viliamu Afatia 537102. Camille Chat 5313103. Luc Ducalcon 538104. Leone Nakarawa 694005. Edwin Maka 6012106. Wenceslas Lauret 8016017. Bernard Le Roux 8012208. Yannick Nyanga 806209. Teddy Iribaren 6290110. Remi Tales 8052011. Virimi Vakatawa 8030012. Albert Vulivuli 7211013. Henry Chavancy 8060114. Louis Dupichot 80100115. Brice Dulin 7250016. Dimitri Szarzewski 2750017. Vasil Kakovin 2740118. Manuel Carizza 1130219. Boris Palu 2040020. Maxime Machenaud 1800021. So'otala Fa'aso'o 000022. Joe Rokocoko 000023. Ben Tameifuna 27301"
"Match page >","http://opta.mc.cloud.opta.net/sportscentre/index.html?page=match&mc=RugbyProPortal&season=2018&competition=203&match=318096","Racing 92","Pau","23 - 20","KO: 04 Nov 2017 17:30","PauMinutes PlayedTacklesMissed TacklesTurnovers Won1. Thomas Domingo445102. Quentin Lespiaucq608003. Lourens Adriaanse4411004. Dave Foley446005. Julien Pierre8011126. Paddy Butler6411017. Sean Dougall4612118. Steffon Armitage809129. Thibault Daubagna75110010. Colin Slade8080111. Julien Fumat8050012. Jale Vatubua6371113. Conrad Smith7181114. Frank Halai8050015. Charly Malie7520016. Lucas Rey2040017. Jamie Mackintosh3640018. Peter Saili1620019. Fabrice Metz3680020. Ben Mowen3440021. Julien Tomas500022. Tom Taylor1710023. Malik Hamadache36200"
"Match page >","http://opta.mc.cloud.opta.net/sportscentre/index.html?page=match&mc=RugbyProPortal&season=2018&competition=203&match=318043","Lyon","Bordeaux Begles","49 - 14","KO: 16 Sep 2017 17:00","Bordeaux BeglesMinutes PlayedTacklesMissed TacklesTurnovers Won1. Jefferson Poirot 493002. Clement Maynadier 554113. Jean-Baptiste Poux 493204. Luke Jones 653105. Cyril Cazeaux 807206. Loann Goujon 808207. Hugh Chalmers 556108. Marco Tauleigne 805209. Baptiste Serin 2832010. Tiaan Schoeman 6114011. Metuisela Talebula 8022012. Julien Rey 8042013. Apisai Naqalevu 4922114. Fa'asiu Fuatai 8072015. Nans Ducuing 8050016. Adrien Pelissie 2551117. Peni Ravai 3120018. Pierre Gayraud 1500019. Alexandre Roumat 2520120. Yann Lesgourgues 5233021. Matthieu Jalibert 1911022. Jayden Spence 3111023. Marc Clerc 31500"
"Match page >","http://opta.mc.cloud.opta.net/sportscentre/index.html?page=match&mc=RugbyProPortal&season=2018&competition=203&match=318025","Stade Francais","La Rochelle","35 - 24","KO: 02 Sep 2017 15:45","La RochelleMinutes PlayedTacklesMissed TacklesTurnovers Won1. Dany Priso 386102. Hikairo Forbes 479103. Luc Mousset 322004. Mathieu Tanguy 133005. William Demotte 671006. Romain Sazy 809007. Afaesetiti Amosa 806108. Victor Vito 806009. Alexis Bales 8000010. Brock James 4022011. Elliot Roudil 7250012. Pierre Aguillon 8061013. Geoffrey Doumayrou 2330014. Gabriel Lacroix 4010015. Jeremy Sinzelle 8010016. Jeremie Maurouard 3330017. Mike Corbel 4060018. Jason Eaton 6760119. Kevin Gourdon 4010020. Jean Victor Goillot 1320021. Ryan Lamb 4021022. Steeve Barry 5700023. Uini Atonio 48220"
"Match page >","http://opta.mc.cloud.opta.net/sportscentre/index.html?page=match&mc=RugbyProPortal&season=2018&competition=203&match=318084","Lyon","Oyonnax","52 - 18","KO: 28 Oct 2017 17:00","OyonnaxMinutes PlayedTacklesMissed TacklesTurnovers Won1. Tommy Raynaud 385002. Quentin MacDonald 606013. Hoani Tui 654004. Phoenix Battye 605005. Valentin Ursache 484006. Curtis Browning 8011117. Rory Grice 808008. Vili Ma'afu 806209. Jeremy Gondrand 8041010. Ben Botica 4013011. Dug Codjo 8091012. Matt Hopper 8081013. Mitch Inman 6865014. Daniel Ikpefan 8071015. Quentin Etienne Lecoq 6210016. Benjamin Geledan 2010017. Khatchik Vartanov 4210018. Steven Sykes 2030019. Shay Kerry 2210020. James Hall 4010021. Ulupano Seuteni 1210022. Silvere Tian 800023. Pietro Ceccarelli 15100"
"Match page >","http://opta.mc.cloud.opta.net/sportscentre/index.html?page=match&mc=RugbyProPortal&season=2018&competition=203&match=318092","Brive","Stade Francais","20 - 19","KO: 05 Nov 2017 11:30","Stade FrancaisMinutes PlayedTacklesMissed TacklesTurnovers Won1. Zurabi Zhvania607102. Maxime Gau6610503. Lorenzo Cittadini476004. Mathieu De Giovanni8018005. Alexandre Flanquart8013316. Hugh Pyle687007. Willem Alberts8019308. Sergio Parisse808109. Charl McLeod6020010. Morne Steyn6652111. Djibril Camara8050012. Jonathan Danty8043113. Waisea Nayacalevu8083114. Julien Arias8052115. Tony Ensor8000016. Remy Bonfils1452117. Siegfried Fisi'ihoi2020018. Steevy Cerqueira1221019. Bakary Meite000020. Arthur Coville2011021. Jules Plisson1400022. Jimmy Yobo000023. Ramiro Herrera33900"
"Match page >","http://opta.mc.cloud.opta.net/sportscentre/index.html?page=match&mc=RugbyProPortal&season=2018&competition=203&match=318064","Pau","Stade Francais","23 - 25","KO: 30 Sep 2017 17:00","Stade FrancaisMinutes PlayedTacklesMissed TacklesTurnovers Won1. Gurthro Steenkamp 504102. Remy Bonfils 8021203. Paul Alo-Emile 8015104. Paul Gabrillagues 7711015. Alexandre Flanquart 809106. Hugh Pyle 8010007. Sekou Macalou 699008. Willem Alberts 7017209. Arthur Coville 8040010. Jules Plisson 5621011. Marvin O'Connor 8061012. Jimmy Yobo 8071013. Waisea Nayacalevu 8021014. Julien Arias 8020015. Tony Ensor 8000016. Lucas Da Silva 000017. Siegfried Fisi'ihoi 3030018. Mathieu De Giovanni 310019. Steevy Cerqueira 1130020. Terry Bouhraoua 000021. Morne Steyn 2431022. Theo Millet 000023. Giorgi Melikidze 0000"
"Match page >","http://opta.mc.cloud.opta.net/sportscentre/index.html?page=match&mc=RugbyProPortal&season=2018&competition=203&match=318074","La Rochelle","Racing 92","16 - 9","KO: 08 Oct 2017 15:50","Racing 92Minutes PlayedTacklesMissed TacklesTurnovers Won1. Viliamu Afatia 554002. Camille Chat 555203. Census Johnston 497014. Bernard Le Roux 7510225. Leone Nakarawa 806116. Yannick Nyanga 807017. Baptiste Chouzenoux 582008. So'otala Fa'aso'o 495309. Xavier Chauveau 5540110. Maxime Machenaud 8092011. Joe Rokocoko 8040012. Albert Vulivuli 8011013. Anthony Tuitavake 80111014. Teddy Thomas 8051015. Juan Imhoff 8020016. Dimitri Szarzewski 2521017. Vasil Kakovin 2520018. Edwin Maka 500019. Manuel Carizza 2210020. Teddy Iribaren 2510021. Louis Dupichot 000022. Antonie Claassen 3100023. Cedate Gomes Sa 31221"
"Match page >","http://opta.mc.cloud.opta.net/sportscentre/index.html?page=match&mc=RugbyProPortal&season=2018&competition=203&match=318095","Oyonnax","Castres","19 - 32","KO: 04 Nov 2017 17:30","CastresMinutes PlayedTacklesMissed TacklesTurnovers Won1. Antoine Tichit 7014202. Jody Jenneker 6910013. Yohann Montes 716004. Christophe Samson 7614405. Rodrigo Capo Ortega 809006. Mathieu Babillot 8013117. Baptiste Delaporte 5510108. Maama Vaipulu 5113219. Rory Kockott 5541010. Benjamin Urdapilleta 8092011. David Smith 8020012. Robert Ebersohn 80140013. Thomas Combezou 80102014. Armand Batlle 8041015. Julien Dumora 7010016. Marc-Antoine Rallier 1110017. Tudor Stroe 1030018. Loic Jacquet 400019. Alex Tulou 2990020. Yannick Caballero 2510021. Ludovic Radosavljevic 2520022. Florian Vialelle 000023. Eric Sione 9100"
"Match page >","http://opta.mc.cloud.opta.net/sportscentre/index.html?page=match&mc=RugbyProPortal&season=2018&competition=203&match=318036","Pau","Lyon","30 - 14","KO: 10 Sep 2017 11:30","LyonMinutes PlayedTacklesMissed TacklesTurnovers Won1. Alexandre Menini 5710102. Virgile Lacombe 468113. Clement Ric 522104. Josh Bekhuis 8010015. Etienne Oosthuizen 534006. Dylan Cretin 8010127. Liam Gill 8012218. Taiasina Tuifua 7011109. Frederic Michalak 6750110. Lionel Beauxis 5702011. Timilai Rokoduru 8031012. Thibault Regard 6942013. Theo Belan 8083214. Toby Arnold 8040015. Delon Armitage 8020116. Deon Fourie 3420017. Stephane Clement 2340018. Francois van der Merwe 2760019. Carl Fearns 000020. Quentin Delord 1300021. Adrien Seguret 1120022. Piero Dominguez 2330023. Richard Choirat 28200"
"Match page >","http://opta.mc.cloud.opta.net/sportscentre/index.html?page=match&mc=RugbyProPortal&season=2018&competition=203&match=318053","Brive","Toulouse","19 - 22","KO: 23 Sep 2017 19:45","ToulouseMinutes PlayedTacklesMissed TacklesTurnovers Won1. Lucas Pointud 498002. Leonardo Ghiraldini 564003. Charlie Faumuina 604104. Florian Verhaeghe 8014205. Yoann Maestri 5410106. François Cros 808007. Louis-Benoit Madaule 8011008. Gillian Galan 477019. Antoine Dupont 8070010. Zack Holmes 7731111. Maxime Medard 8010012. Gael Fickou 80100013. Florian Fritz 8031114. Yoann Huget 8030015. Thomas Ramos 7820016. David Roumieu 2210017. Danie Mienie 3120018. Joe Tekori 2600119. Semi Kunatani 000020. Talalelei Gray 3333121. Jean-Marc Doussain 300022. Paul Perez 910123. Maks van Dyk 20300"
"Match page >","http://opta.mc.cloud.opta.net/sportscentre/index.html?page=match&mc=RugbyProPortal&season=2018&competition=203&match=318023","Lyon","Brive","29 - 14","KO: 02 Sep 2017 17:45","BriveMinutes PlayedTacklesMissed TacklesTurnovers Won1. Karlen Asieshvili505002. Mike Tadjer501103. Sila Puafisi504004. Damien Lagrange564005. Sisa Koyamaibole805006. Said Hireche6810207. Poutasi Luafutu809108. Etienne Herjean8014009. Samuel Marques5611010. Matthieu Ugalde8060111. Franck Romanet6130012. Thomas Laranjeira8070013. Felix Le Bourhis6130014. Guillaume Namy8061015. Gaetan Germain8031016. Thomas Acquier3022017. Julien Brugnaut3031018. Johan Snyman2410019. Dominiko Waqaniburotu1200020. Vasil Lobzhanidze2411021. Arnaud Mignardi1900022. Takudzwa Ngwenya1900023. Damien Jourdain30400"
"Match page >","http://opta.mc.cloud.opta.net/sportscentre/index.html?page=match&mc=RugbyProPortal&season=2018&competition=203&match=318081","Castres","Agen","43 - 28","KO: 29 Oct 2017 11:30","AgenMinutes PlayedTacklesMissed TacklesTurnovers Won1. Giorgi Tetrashvili444002. Facundo Bosch6213123. Dave Ryan448014. Denis Marchois8010005. Mickael De Marco233006. Yoan Tanga8011117. Vincent Farre499008. Antoine Erbani8013109. Ricky Januarie4932010. Jake McIntyre6562011. Filipo Nakosi8001012. Pierre Fouyssac72175013. Julien Heriteau6841014. George Tilsley8062015. Mathieu Lamoulie8032016. Paula Ngauamo1830017. Kamaliele Tufele3660018. Corentin Braendlin57131019. Akapusi Qera3172020. Paul Abadie3151021. Ignacio Mieres1511022. Tamaz Mchedlidze800023. Arthur Joly36500"
"Match page >","http://opta.mc.cloud.opta.net/sportscentre/index.html?page=match&mc=RugbyProPortal&season=2018&competition=203&match=318016","Racing 92","Castres","25 - 21","KO: 26 Aug 2017 17:00","CastresMinutes PlayedTacklesMissed TacklesTurnovers Won1. Antoine Tichit 578302. Kevin Firmin 6712103. Yohann Montes 421304. Loic Jacquet 6310205. Rodrigo Capo Ortega 8012406. Yannick Caballero 577217. Mathieu Babillot 8015128. Maama Vaipulu 8012319. Rory Kockott 4050010. Benjamin Urdapilleta 80131011. Taylor Paris 6432012. Robert Ebersohn 80140013. Thomas Combezou 5761014. Armand Batlle 8000015. Julien Dumora 8011016. Marc-Antoine Rallier 1330017. Tudor Stroe 2391018. Christophe Samson 1070019. Anthony Jelonch 2311020. Ludovic Radosavljevic 4070021. Afusipa Taumoepeau 2320022. David Smith 1610023. Damien Tussac 38400"
"Match page >","http://opta.mc.cloud.opta.net/sportscentre/index.html?page=match&mc=RugbyProPortal&season=2018&competition=203&match=318086","Racing 92","Bordeaux Begles","29 - 13","KO: 28 Oct 2017 17:00","Bordeaux BeglesMinutes PlayedTacklesMissed TacklesTurnovers Won1. Jefferson Poirot 568302. Clement Maynadier 548103. Vadim Cobilas 544304. Johan Aliouat 5910115. Cyril Cazeaux 809106. Mahamadou Diaby 7922027. Hugh Chalmers 809108. Marco Tauleigne 6411109. Baptiste Serin 71102010. Simon Hickey 6193011. Fa'asiu Fuatai 8082112. Metuisela Talebula 6431113. Jean-Baptiste Dubie 7192014. Nans Ducuing 8041115. Matthieu Jalibert 8073016. Adrien Pelissie 2621017. Sebastien Taofifenua 2020018. Pierre Gayraud 2141019. Leroy Houston 1612020. Gauthier Doubrere 900021. Apisai Naqalevu 1602022. Jean Pascal Barraque 1911023. Marc Clerc 26200"
"Match page >","http://opta.mc.cloud.opta.net/sportscentre/index.html?page=match&mc=RugbyProPortal&season=2018&competition=203&match=318017","Toulon","Pau","41 - 14","KO: 27 Aug 2017 16:00","PauMinutes PlayedTacklesMissed TacklesTurnovers Won1. Thomas Domingo 405102. Quentin Lespiaucq 555303. Sylvain Charlet 405004. Dave Foley 477305. Daniel Ramsay 808206. Pierrick Gunther 408207. Steffon Armitage 8011018. Baptiste Pesenti 809309. Julien Tomas 6042010. Colin Slade 80114011. Frank Halai 6061012. Florian Nicot 5752013. Conrad Smith 8070014. Bastien Pourailly 8030015. Charly Malie 8010116. Laurent Bouchet 2550117. Jamie Mackintosh 4021018. Julien Pierre 3311019. Ben Mowen 4030120. Thibault Daubagna 2001021. Tom Taylor 2302022. Julien Fumat 2010023. Malik Hamadache 40511"
"Match page >","http://opta.mc.cloud.opta.net/sportscentre/index.html?page=match&mc=RugbyProPortal&season=2018&competition=203&match=318066","Toulon","La Rochelle","26 - 20","KO: 30 Sep 2017 13:45","La RochelleMinutes PlayedTacklesMissed TacklesTurnovers Won1. Dany Priso 448012. Hikairo Forbes 5512203. Uini Atonio 476104. Jason Eaton 807205. William Demotte 447006. Levani Botia 5712027. Zeno Kieft 7014008. Victor Vito 8014019. Jean Victor Goillot 5231010. Brock James 8055011. Vincent Rattez 7060012. Geoffrey Doumayrou 6551013. Paul Jordaan 8062014. Gabriel Lacroix 8050015. Kini Murimurivalu 4910016. Jeremie Maurouard 2510017. Mike Corbel 3670018. Jone Qovu Nailiko 3650019. Romain Sazy 2370120. Alexis Bales 2830021. Steeve Barry 1510022. Jeremy Sinzelle 3120023. Vincent Pelo 23310"
"Match page >","http://opta.mc.cloud.opta.net/sportscentre/index.html?page=match&mc=RugbyProPortal&season=2018&competition=203&match=318091","Agen","Toulon","26 - 24","KO: 04 Nov 2017 19:45","ToulonMinutes PlayedTacklesMissed TacklesTurnovers Won1. Florian Fresia 5111112. Anthony Etrillard 7016003. Marcel Van der Merwe 518204. Mamuka Gorgodze 5112015. Juandre Kruger 6713016. Samu Manoa 807007. Raphael Lakafia 8018008. Duane Vermeulen 808019. Anthony Meric 5551110. Luke McAlister 5100011. Semi Radradra 8022012. Ma'a Nonu 8050013. Malakai Fekitoa 8030014. Josua Tuisova 8010115. Chris Ashton 8001016. Bastien Soury 1010017. Xavier Chiocci 2930018. Romain Taofifenua 2930019. Juan Martin Fernandez Lobbe 1320020. Louis Carbonel 2900021. JP Pietersen 000022. Alby Mathewson 2510023. Levan Chilachava 28000"
"Match page >","http://opta.mc.cloud.opta.net/sportscentre/index.html?page=match&mc=RugbyProPortal&season=2018&competition=203&match=318085","Pau","Montpellier","16 - 22","KO: 28 Oct 2017 17:00","MontpellierMinutes PlayedTacklesMissed TacklesTurnovers Won1. Yvan Watremez 463002. Romain Ruffenach 809013. Antoine Guillamon 555104. Jacques Du Plessis 658035. Nicolaas Janse van Rensburg 8010006. Wian Liebenberg 6913107. Julien Bardy 231008. Louis Picamoles 809019. Enzo Sanga 8022010. Benoit Paillaugue 6891011. Nemani Nadolo 8031212. Francois Steyn 8091113. Joseph Tomane 8041014. Benjamin Fall 4041115. Timoci Nagusa 8020016. Charles Geli 000017. Mikheil Nariashvili 3480118. Konstantin Mikautadze 1400019. Kelian Galletier 57112020. Thomas Darmon 1230021. Julien Delannoy 1110022. Joffrey Michel 4020123. Davit Kubriashvili 25200"
"Match page >","http://opta.mc.cloud.opta.net/sportscentre/index.html?page=match&mc=RugbyProPortal&season=2018&competition=203&match=318063","Oyonnax","Bordeaux Begles","9 - 39","KO: 30 Sep 2017 17:00","Bordeaux BeglesMinutes PlayedTacklesMissed TacklesTurnovers Won1. Sebastien Taofifenua 516002. Adrien Pelissie 5110103. Vadim Cobilas 616104. Jandré Marais 715105. Cyril Cazeaux 8014016. Mahamadou Diaby 8015017. Loann Goujon 8013208. Marco Tauleigne 428129. Yann Lesgourgues 5110010. Simon Hickey 8061011. Neville Edwards 8032012. Apisai Naqalevu 73101013. Jayden Spence 8071114. Nans Ducuing 6130015. Matthieu Jalibert 8011016. Clement Maynadier 2960017. Jefferson Poirot 2960118. Pierre Gayraud 940019. Leroy Houston 3881020. Baptiste Serin 2950221. Pablo Uberti 700022. Jean Pascal Barraque 1910023. Peni Ravai 19310"
"Match page >","http://opta.mc.cloud.opta.net/sportscentre/index.html?page=match&mc=RugbyProPortal&season=2018&competition=203&match=318072","Bordeaux Begles","Toulon","30 - 27","KO: 07 Oct 2017 15:45","ToulonMinutes PlayedTacklesMissed TacklesTurnovers Won1. Xavier Chiocci 406002. Anthony Etrillard 6214303. Emerick Setiano 101004. Juandre Kruger 724005. Romain Taofifenua 753006. Jean Monribot 675007. Mamuka Gorgodze 696228. Raphael Lakafia 8016309. Sebastien Tillous-Borde 6242110. Francois Trinh-Duc 8031011. Semi Radradra 8022012. Anthony Belleau 8071013. Mathieu Bastareaud 8052014. Josua Tuisova 8042115. Edoardo Padovani 4800016. Guilhem Guirado 1810017. Laurent DelBoulbes 4051018. Swan Rebbadj 1321019. Rudy Gahetau 1321020. Luke McAlister 000021. JP Pietersen 3200022. Eric Escande 1810023. Levan Chilachava 70501"
"Match page >","http://opta.mc.cloud.opta.net/sportscentre/index.html?page=match&mc=RugbyProPortal&season=2018&competition=203&match=318097","Toulouse","Bordeaux Begles","38 - 37","KO: 04 Nov 2017 13:45","Bordeaux BeglesMinutes PlayedTacklesMissed TacklesTurnovers Won1. Peni Ravai638122. Adrien Pelissie632103. Vadim Cobilas637004. Jandré Marais776125. Cyril Cazeaux718016. Luke Jones805007. Cameron Woki807028. Leroy Houston494009. Yann Lesgourgues8010010. Matthieu Jalibert8042011. Blair Connor7222012. Metuisela Talebula8041013. Jean-Baptiste Dubie8071114. Fa'asiu Fuatai6531115. Jean Pascal Barraque8021116. Ole Avei1700017. Thierry Paiva1700018. Johan Aliouat1210019. Alexandre Roumat3140120. Jules Gimbert000021. Tiaan Schoeman000022. Geoffrey Cros1510023. Marc Clerc17000"
"Match page >","http://opta.mc.cloud.opta.net/sportscentre/index.html?page=match&mc=RugbyProPortal&season=2018&competition=203&match=318057","Clermont Auvergne","Racing 92","23 - 21","KO: 23 Sep 2017 13:45","Racing 92Minutes PlayedTacklesMissed TacklesTurnovers Won1. Viliamu Afatia 545202. Dimitri Szarzewski 548103. Luc Ducalcon 541004. Boris Palu 807115. Manuel Carizza 806006. Baptiste Chouzenoux 806007. Bernard Le Roux 658228. Leone Nakarawa 737219. Teddy Iribaren 5431010. Remi Tales 7045011. Joe Rokocoko 8010112. Henry Chavancy 8080013. Virimi Vakatawa 8021114. Teddy Thomas 8031015. Juan Imhoff 6912016. Camille Chat 2630017. Vasil Kakovin 2600018. So'otala Fa'aso'o 700019. Wenceslas Lauret 1500020. Maxime Machenaud 3610121. Albert Vulivuli 000022. Louis Dupichot 100023. Cedate Gomes Sa 26000"
"Match page >","http://opta.mc.cloud.opta.net/sportscentre/index.html?page=match&mc=RugbyProPortal&season=2018&competition=203&match=318067","Toulouse","Agen","30 - 10","KO: 30 Sep 2017 17:00","AgenMinutes PlayedTacklesMissed TacklesTurnovers Won1. Giorgi Tetrashvili 418102. Paula Ngauamo 528103. Vakhtangi Akhobadze 7110104. Corentin Braendlin 418005. Mickael De Marco 808106. Yoan Tanga 8014207. Leo Ghirard 8020108. Antoine Miquel 557209. Paul Abadie 4453010. Ignacio Mieres 5560011. Filipo Nakosi 6920112. Mathieu Lamoulie 80113013. Johann Sadie 80131014. Clement Laporte 8070015. Florian Denos 8010016. Clement Martinez 2871017. Quentin Bethune 3981018. Denis Marchois 39100019. Marco Kotze 2541120. Lucas Rubio 3644021. Alban Conduche 2570022. Vilikisa Salawa 1110023. Kamaliele Tufele 9200"
"Match page >","http://opta.mc.cloud.opta.net/sportscentre/index.html?page=match&mc=RugbyProPortal&season=2018&competition=203&match=318021","Agen","Racing 92","23 - 19","KO: 02 Sep 2017 13:45","Racing 92Minutes PlayedTacklesMissed TacklesTurnovers Won1. Vasil Kakovin 463002. Dimitri Szarzewski 465303. Cedate Gomes Sa 323004. Boris Palu 656105. Leone Nakarawa 808216. Wenceslas Lauret 8018107. Baptiste Chouzenoux 152008. Yannick Nyanga 804209. Teddy Iribaren 5870110. Dan Carter 8062011. Juan Imhoff 8041112. Anthony Tuitavake 3800013. Henry Chavancy 80153214. Teddy Thomas 8052115. Brice Dulin 8042116. Camille Chat 3530017. Eddy Ben Arous 3571018. Edwin Maka 1650019. Bernard Le Roux 6662120. Maxime Machenaud 2321021. Remi Tales 000022. Joe Rokocoko 000023. Georges-Henri Colombe 49421"
"Match page >","http://opta.mc.cloud.opta.net/sportscentre/index.html?page=match&mc=RugbyProPortal&season=2018&competition=203&match=318033","Castres","Montpellier","17 - 22","KO: 09 Sep 2017 19:45","MontpellierMinutes PlayedTacklesMissed TacklesTurnovers Won1. Gregory Fichten 442102. Charles Geli 443003. Antoine Guillamon 798314. Konstantin Mikautadze 663005. Nicolaas Janse van Rensburg 808306. Julien Bardy 627007. Yacouba Camara 805008. Louis Picamoles 805229. Ruan Pienaar 8030010. Thomas Darmon 4430011. Nemani Nadolo 8021012. Joseph Tomane 8053113. Alexandre Dumoulin 7150014. Benjamin Fall 8024115. Henry Immelman 8040016. Bismarck Du Plessis 3610117. Mikheil Nariashvili 3640018. Julien Delannoy 1400019. Fulgence Ouedraogo 1860020. Enzo Sanga 000021. Francois Steyn 3620022. Joffrey Michel 900023. Mohammed Haouas 1000"
"Match page >","http://opta.mc.cloud.opta.net/sportscentre/index.html?page=match&mc=RugbyProPortal&season=2018&competition=203&match=318054","La Rochelle","Oyonnax","57 - 12","KO: 23 Sep 2017 17:00","OyonnaxMinutes PlayedTacklesMissed TacklesTurnovers Won1. Vincent Debaty 403202. Benjamin Geledan 506113. Pietro Ceccarelli 685104. Geoffrey Fabbri 8011105. Steven Sykes 595116. Bilel Taieb 8016407. Valentin Ursache 284118. Vili Ma'afu 8010319. James Hall 8033010. Christopher Ruiz 5292011. Axel Muler 5861012. Maxime Veau 8041013. Vincent Lasmarrigues 4030014. Daniel Ikpefan 8041015. Quentin Etienne Lecoq 8010016. Quentin MacDonald 3010017. Tommy Raynaud 4020018. Christian Njewel 2110019. Luc Barba 5211020. Jeremy Gondrand 2811021. Matt Hopper 4011022. Jose Lima 2200023. Kevin Buys 12100"
"Match page >","http://opta.mc.cloud.opta.net/sportscentre/index.html?page=match&mc=RugbyProPortal&season=2018&competition=203&match=318094","Montpellier","Clermont Auvergne","28 - 24","KO: 05 Nov 2017 15:50","Clermont AuvergneMinutes PlayedTacklesMissed TacklesTurnovers Won1. Etienne Falgoux 6710102. John Ulugia 545003. Davit Zirakashvili 404104. Flip van der Merwe 788305. Sitaleki Timani 807106. Camille Gerondeau 8012007. Viktor Kolelishvili 707108. Fritz Lee 7813109. Charly Trussardi 8051010. Patricio Fernandez 7431111. Peter Betham 8031012. Atila Septar 7255113. Aurelien Rougerie 8082014. Nick Abendanon 8062115. Isaia Toeava 8010016. Yohan Beheregaray 2650017. Loni Uhila 1320018. Maxence Barjaud 210019. Julien Ruaud 210020. Dorian Lavernhe 620021. Setariki Tuicuvu 800022. Maxence Lemardelet 000023. Aaron Jarvis 40300"
"Match page >","http://opta.mc.cloud.opta.net/sportscentre/index.html?page=match&mc=RugbyProPortal&season=2018&competition=203&match=318046","Racing 92","Oyonnax","25 - 13","KO: 17 Sep 2017 11:30","OyonnaxMinutes PlayedTacklesMissed TacklesTurnovers Won1. Vincent Debaty 401102. Quentin MacDonald 6114023. Hoani Tui 618124. Phoenix Battye 7014005. Christian Njewel 546106. Patrick Sobela 8015007. Luc Barba 306018. Curtis Browning 547009. James Hall 8070110. Ben Botica 7662011. Tim Giresse 8063112. Roimata Hansell-Pune 4072013. Vincent Lasmarrigues 8053014. Axel Muler 8072015. Quentin Etienne Lecoq 8032016. Benjamin Geledan 1940117. Khatchik Vartanov 4051118. Geoffrey Fabbri 3650019. Bilel Taieb 4080020. Jeremy Gondrand 410021. Maxime Veau 40140122. Rory Grice 2661023. Pietro Ceccarelli 19310"
"Match page >","http://opta.mc.cloud.opta.net/sportscentre/index.html?page=match&mc=RugbyProPortal&season=2018&competition=203&match=318052","Bordeaux Begles","Montpellier","47 - 17","KO: 23 Sep 2017 17:00","MontpellierMinutes PlayedTacklesMissed TacklesTurnovers Won1. Gregory Fichten352102. Romain Ruffenach706103. Davit Kubriashvili533104. Jacques Du Plessis8011215. Julien Delannoy492006. Fulgence Ouedraogo5111117. Yacouba Camara462008. Wian Liebenberg809109. Enzo Sanga4930010. Aaron Cruden8061011. Joseph Tomane6912012. Alexandre Dumoulin8053013. Henry Immelman7561014. Timoci Nagusa8010015. Benjamin Fall8060016. Charles Geli1010017. Yvan Watremez4541118. Konstantin Mikautadze1500119. Julien Bardy3440020. Ruan Pienaar3150021. Thomas Darmon500022. Joffrey Michel1100023. Mohammed Haouas27500"
"Match page >","http://opta.mc.cloud.opta.net/sportscentre/index.html?page=match&mc=RugbyProPortal&season=2018&competition=203&match=318082","Clermont Auvergne","Stade Francais","33 - 10","KO: 28 Oct 2017 19:45","Stade FrancaisMinutes PlayedTacklesMissed TacklesTurnovers Won1. Gurthro Steenkamp 365102. Remy Bonfils 5313113. Paul Alo-Emile 275004. Paul Gabrillagues 8017115. Alexandre Flanquart 7315216. Charlie Francoz 4811107. Steevy Cerqueira 7013308. Willem Alberts 8013509. Arthur Coville 5372010. Morne Steyn 5332011. Marvin O'Connor 8071012. Jonathan Danty 80121213. Waisea Nayacalevu 80111114. Julien Arias 8061215. Tony Ensor 8002016. Maxime Gau 2741017. Siegfried Fisi'ihoi 4032018. Mathieu De Giovanni 2650019. Bakary Meite 731020. Charl McLeod 2720021. Jules Plisson 2730022. Jimmy Yobo 000023. Lorenzo Cittadini 53900"
"Match page >","http://opta.mc.cloud.opta.net/sportscentre/index.html?page=match&mc=RugbyProPortal&season=2018&competition=203&match=318061","Castres","Clermont Auvergne","29 - 23","KO: 01 Oct 2017 15:50","Clermont AuvergneMinutes PlayedTacklesMissed TacklesTurnovers Won1. Etienne Falgoux603002. John Ulugia607013. Davit Zirakashvili673104. Sitaleki Timani535005. Sebastien Vahaamahina808006. Camille Gerondeau536007. Viktor Kolelishvili657118. Peceli Yato737109. Greig Laidlaw8061110. Patricio Fernandez6720011. Remy Grosso8040012. Rémi Lamerat5960013. Peter Betham8072014. Nick Abendanon8040015. Scott Spedding8010016. Yohan Beheregaray1740017. Beqa Kakabadze2050018. Flip van der Merwe1740119. Otar Giorgadze1531020. Charlie Cassang1320021. Atila Septar2100022. Fritz Lee1720123. Aaron Jarvis13100"
"Match page >","http://opta.mc.cloud.opta.net/sportscentre/index.html?page=match&mc=RugbyProPortal&season=2018&competition=203&match=318014","Oyonnax","Toulouse","23 - 23","KO: 26 Aug 2017 14:10","ToulouseMinutes PlayedTacklesMissed TacklesTurnovers Won1. Clement Castets417202. Leonardo Ghiraldini5410003. Charlie Faumuina446004. Piula Faasalele8013015. Joe Tekori5610106. Carl Axtens6810017. Louis-Benoit Madaule8013218. Talalelei Gray5214009. Sébastien Bézy8020010. Zack Holmes80102111. Maxime Medard8031112. Yann David80110013. Paul Perez6161114. Cheslin Kolbe8060015. Thomas Ramos8011016. David Roumieu2630017. Rodrigue Neti3931018. Florian Verhaeghe2460119. François Cros1200020. Semi Kunatani2840021. Jarrod Poi900022. Tristan Tedder000023. Dorian Aldegheri36110"
"Match page >","http://opta.mc.cloud.opta.net/sportscentre/index.html?page=match&mc=RugbyProPortal&season=2018&competition=203&match=318083","La Rochelle","Toulouse","37 - 21","KO: 29 Oct 2017 15:50","ToulouseMinutes PlayedTacklesMissed TacklesTurnovers Won1. Lucas Pointud626202. Julien Marchand538113. Dorian Aldegheri543504. Piula Faasalele8011215. Yoann Maestri8012106. Joe Tekori537007. Louis-Benoit Madaule705208. Talalelei Gray689319. Antoine Dupont8080010. Zack Holmes6081111. Yoann Huget8010012. Gael Fickou8032013. Florian Fritz5721014. Cheslin Kolbe7034215. Thomas Ramos8050016. David Roumieu2721017. Danie Mienie1810018. Florian Verhaeghe1230019. Gillian Galan2710020. Sébastien Bézy2060021. Yann David2301022. Sofiane Guitoune000023. Maks van Dyk26100"
"Match page >","http://opta.mc.cloud.opta.net/sportscentre/index.html?page=match&mc=RugbyProPortal&season=2018&competition=203&match=318027","Clermont Auvergne","Toulon","21 - 16","KO: 03 Sep 2017 15:50","ToulonMinutes PlayedTacklesMissed TacklesTurnovers Won1. Florian Fresia5512002. Anthony Etrillard558113. Marcel Van der Merwe558114. Swan Rebbadj8013115. Romain Taofifenua535026. Mamuka Gorgodze8011107. Facundo Isa808318. Samu Manoa8013109. Sebastien Tillous-Borde5432010. Anthony Belleau8051111. Vincent Clerc8043012. Ma'a Nonu7051013. Mathieu Bastareaud6641114. Chris Ashton8064215. Edoardo Padovani5413016. Guilhem Guirado2510017. Xavier Chiocci2500018. Jocelino Suta1720019. Rudy Gahetau000020. Francois Trinh-Duc1400021. JP Pietersen2600022. Anthony Meric2610023. Levan Chilachava25200"
"Match page >","http://opta.mc.cloud.opta.net/sportscentre/index.html?page=match&mc=RugbyProPortal&season=2018&competition=203&match=318077","Toulouse","Clermont Auvergne","28 - 18","KO: 08 Oct 2017 20:00","Clermont AuvergneMinutes PlayedTacklesMissed TacklesTurnovers Won1. Etienne Falgoux 635102. Yohan Beheregaray 508203. Davit Zirakashvili 396204. Flip van der Merwe 637005. Sebastien Vahaamahina 806126. Judicael Cancoriet 8013107. Alexandre Lapandry 8010118. Fritz Lee 553219. Morgan Parra 5661010. Camille Lopez 8052111. Remy Grosso 8020012. Damian Penaud 6822013. Aurelien Rougerie 5033014. David Strettle 8010015. Scott Spedding 8020016. Benjamin Kayser 3020017. Beqa Kakabadze 1730018. Paul Jedrasiak 1700019. Peceli Yato 1500020. Greig Laidlaw 2410021. Atila Septar 1210122. Peter Betham 3000023. Rabah Slimani 41400"
"Match page >","http://opta.mc.cloud.opta.net/sportscentre/index.html?page=match&mc=RugbyProPortal&season=2018&competition=203&match=318035","Oyonnax","Agen","12 - 10","KO: 09 Sep 2017 17:00","AgenMinutes PlayedTacklesMissed TacklesTurnovers Won1. Morgan Phelipponneau 486102. Paula Ngauamo 799203. Arthur Joly 617104. Leandro Cedaro 463005. Mickael De Marco 7016116. Yoan Tanga 8010007. Antoine Erbani 806008. Akapusi Qera 534009. Paul Abadie 5841010. Ignacio Mieres 5864011. Vilikisa Salawa 8052112. Tamaz Mchedlidze 80111113. Julien Heriteau 8092014. Filipo Nakosi 8022015. Loris Tolot 8041016. Loick Jammes 100017. Giorgi Tetrashvili 32100018. Tom Murday 3441019. Antoine Miquel 2781020. Ricky Januarie 2241021. Jake McIntyre 2240022. Alban Conduche 000023. Vakhtangi Akhobadze 19500"
"Match page >","http://opta.mc.cloud.opta.net/sportscentre/index.html?page=match&mc=RugbyProPortal&season=2018&competition=203&match=318015","Stade Francais","Lyon","16 - 25","KO: 26 Aug 2017 17:00","LyonMinutes PlayedTacklesMissed TacklesTurnovers Won1. Alexandre Menini 466102. Mickael Ivaldi 5911003. Francisco Gomez Kodela 4610004. Felix Lambey 6516105. Francois van der Merwe 526306. Dylan Cretin 809117. Liam Gill 8013118. Carl Fearns 805319. Baptiste Couilloud 8050010. Lionel Beauxis 6011111. Alexis Palisson 7832012. Thibault Regard 79143213. Rudi Wulf 5571114. Toby Arnold 8043015. Jean-Marcellin Buttin 8030016. Virgile Lacombe 2141017. Albertus Buckle 3450118. Hendrik Roodt 2810119. Taiasina Tuifua 1510020. Frederic Michalak 2001021. Hemani Paea 2510022. Theo Belan 200023. Clement Ric 34100"
"Match page >","http://opta.mc.cloud.opta.net/sportscentre/index.html?page=match&mc=RugbyProPortal&season=2018&competition=203&match=318075","Oyonnax","Pau","16 - 19","KO: 07 Oct 2017 17:45","PauMinutes PlayedTacklesMissed TacklesTurnovers Won1. Thomas Domingo 4914102. Quentin Lespiaucq 6311303. Malik Hamadache 533204. Fabrice Metz 5710105. Daniel Ramsay 8014126. Pierrick Gunther 808107. Paddy Butler 527018. Steffon Armitage 806129. Thibault Daubagna 6783010. Tom Taylor 8092011. Watisoni Votu 6010012. Jale Vatubua 8073013. Conrad Smith 8052014. Bastien Pourailly 8032015. Charly Malie 4900016. Lucas Rey 1730017. Jamie Mackintosh 3113018. Dave Foley 2330019. Sean Dougall 2810220. Julien Tomas 1300021. Colin Slade 2110022. Julien Fumat 2012023. Lourens Adriaanse 27100"
"Match page >","http://opta.mc.cloud.opta.net/sportscentre/index.html?page=match&mc=RugbyProPortal&season=2018&competition=203&match=318045","Pau","Castres","28 - 13","KO: 16 Sep 2017 17:00","CastresMinutes PlayedTacklesMissed TacklesTurnovers Won1. Antoine Tichit 595102. Jody Jenneker 6811103. Daniel Kotze 635104. Thibault Lassalle 806005. Loic Jacquet 566106. Mathieu Babillot 8011217. Anthony Jelonch 808008. Alex Tulou 517009. Ludovic Radosavljevic 5451010. Benjamin Urdapilleta 8030011. Taylor Paris 8020112. Afusipa Taumoepeau 5950013. Thomas Combezou 7040014. Armand Batlle 8080015. Julien Dumora 6830016. Kevin Firmin 1240017. Mihaita Lazar 2100018. Alexandre Bias 2420019. Steve Mafi 2961120. Rory Kockott 2620021. Yohan Le Bourhis 1200022. Robert Ebersohn 2110023. Yohann Montes 17000"
"Match page >","http://opta.mc.cloud.opta.net/sportscentre/index.html?page=match&mc=RugbyProPortal&season=2018&competition=203&match=318044","Montpellier","Toulon","43 - 20","KO: 17 Sep 2017 15:50","ToulonMinutes PlayedTacklesMissed TacklesTurnovers Won1. Florian Fresia 649002. Guilhem Guirado 6410003. Levan Chilachava 333104. Mamuka Gorgodze 706015. Romain Taofifenua 585206. Jean Monribot 8011307. Juan Martin Fernandez Lobbe 546118. Facundo Isa 807119. Eric Escande 8062010. Francois Trinh-Duc 6762011. Chris Ashton 8020012. Ma'a Nonu 5940113. JP Pietersen 5521014. Josua Tuisova 8050215. Hugo Bonneval 8030016. Anthony Etrillard 1610017. Laurent DelBoulbes 1630018. Swan Rebbadj 2663019. Samu Manoa 2230020. Anthony Belleau 2532021. Edoardo Padovani 2100022. Anthony Meric 1311023. Marcel Van der Merwe 47400"
"Match page >","http://opta.mc.cloud.opta.net/sportscentre/index.html?page=match&mc=RugbyProPortal&season=2018&competition=203&match=318026","null","null","null","null",""
"Match page >","http://opta.mc.cloud.opta.net/sportscentre/index.html?page=match&mc=RugbyProPortal&season=2018&competition=203&match=318031","Bordeaux Begles","Stade Francais","30 - 10","KO: 09 Sep 2017 17:00","Stade FrancaisMinutes PlayedTacklesMissed TacklesTurnovers Won1. Zurabi Zhvania 491002. Maxime Gau 588103. Paul Alo-Emile 505114. Paul Gabrillagues 8011005. Alexandre Flanquart 809106. Antoine Burban 4811017. Sylvain Nicolas 609008. Willem Alberts 7813009. Charl McLeod 5830010. Morne Steyn 8052011. Julien Arias 8050012. Theo Millet 5850013. Waisea Nayacalevu 8092314. Romain Martial 7051015. Tony Ensor 8000016. Craig Burden 2240017. Gurthro Steenkamp 3151018. Hugh Pyle 2020019. Sekou Macalou 3260120. Clement Daguin 2231021. Shane Geraghty 2210022. Marvin O'Connor 1021023. Lorenzo Cittadini 24400"
"Match page >","http://opta.mc.cloud.opta.net/sportscentre/index.html?page=match&mc=RugbyProPortal&season=2018&competition=203&match=318062","Montpellier","Brive","54 - 10","KO: 01 Oct 2017 11:30","BriveMinutes PlayedTacklesMissed TacklesTurnovers Won1. Naama Leleimalefaga 484102. Mike Tadjer 481003. James Johnston 481004. Jan Uys 809205. Peet Marais 702006. Said Hireche 596007. Etienne Herjean 803108. Julien Ledevedec 804209. Samuel Marques 5411010. Enzo Herve 6440011. Nadir Megdoud 8071012. Poutasi Luafutu 6490013. Felix Le Bourhis 8053014. Takudzwa Ngwenya 8020015. Benjamin Lapeyre 8011016. Thomas Acquier 3212017. Vivien Devisme 3220018. Sila Puafisi 000019. Retief Marais 3131120. David Delarue 2650021. Matthieu Ugalde 1640022. Arnaud Mignardi 1600023. Soso Bekoshvili 32100"
"Match page >","http://opta.mc.cloud.opta.net/sportscentre/index.html?page=match&mc=RugbyProPortal&season=2018&competition=203&match=318047","Toulouse","Stade Francais","53 - 17","KO: 16 Sep 2017 13:45","Stade FrancaisMinutes PlayedTacklesMissed TacklesTurnovers Won1. Gurthro Steenkamp 4511102. Craig Burden 457103. Lorenzo Cittadini 459204. Steevy Cerqueira 8011405. Alexandre Flanquart 459006. Antoine Burban 5812217. Bakary Meite 716308. Sekou Macalou 7010119. Clement Daguin 2821010. Jules Plisson 8076011. Marvin O'Connor 8001012. Theo Millet 80140113. Jimmy Yobo 71130114. Julien Arias 8054015. Romain Martial 8020016. Lucas Da Silva 3540117. Siegfried Fisi'ihoi 3531118. Paul Gabrillagues 3550019. Mathieu De Giovanni 2260120. Terry Bouhraoua 5241121. Mathieu Ugena 930022. Morne Steyn 900023. Paul Alo-Emile 35500"
"Match page >","http://opta.mc.cloud.opta.net/sportscentre/index.html?page=match&mc=RugbyProPortal&season=2018&competition=203&match=318012","Brive","La Rochelle","10 - 19","KO: 26 Aug 2017 17:00","La RochelleMinutes PlayedTacklesMissed TacklesTurnovers Won1. Dany Priso 495102. Hikairo Forbes 493003. Lekso Kaulashvili 676014. Romain Sazy 5015015. William Demotte 402006. Levani Botia 809437. Zeno Kieft 733208. Victor Vito 8011029. Jean Victor Goillot 4911010. Jeremy Sinzelle 7061111. Elliot Roudil 4900012. Pierre Aguillon 80101013. Geoffrey Doumayrou 6352214. Gabriel Lacroix 8071015. Arthur Retiere 8030216. Jeremie Maurouard 3120017. Mike Corbel 3130018. Jone Qovu Nailiko 2330019. Mathieu Tanguy 4040020. Alexis Bales 3130021. Brock James 3120122. Paul Jordaan 2711023. Luc Mousset 13201"
"Match page >","http://opta.mc.cloud.opta.net/sportscentre/index.html?page=match&mc=RugbyProPortal&season=2018&competition=203&match=318022","Castres","Bordeaux Begles","33 - 19","KO: 02 Sep 2017 17:45","Bordeaux BeglesMinutes PlayedTacklesMissed TacklesTurnovers Won1. Sebastien Taofifenua 516012. Adrien Pelissie 519203. Vadim Cobilas 517104. Luke Jones 6410115. Jandré Marais 805126. Mahamadou Diaby 8013207. Marco Tauleigne 183008. Leroy Houston 806009. Yann Lesgourgues 5151010. Simon Hickey 5192011. Neville Edwards 7032012. Apisai Naqalevu 8045013. Jean-Baptiste Dubie 8045114. Nans Ducuing 8070015. Darly Domvo 7211016. Clement Maynadier 2910017. Jefferson Poirot 2940018. Cyril Cazeaux 1020019. Loann Goujon 6271020. Baptiste Serin 2930021. Tiaan Schoeman 2901022. Jean Pascal Barraque 800023. Peni Ravai 29311"
"Match page >","http://opta.mc.cloud.opta.net/sportscentre/index.html?page=match&mc=RugbyProPortal&season=2018&competition=203&match=318011","Bordeaux Begles","Clermont Auvergne","32 - 25","KO: 26 Aug 2017 19:45","Clermont AuvergneMinutes PlayedTacklesMissed TacklesTurnovers Won1. Raphael Chaume 602102. Benjamin Kayser 456113. Davit Zirakashvili 725004. Paul Jedrasiak 8010105. Sitaleki Timani 6810116. Viktor Kolelishvili 557307. Alexandre Lapandry 808208. Peceli Yato 706409. Charlie Cassang 5241010. Patricio Fernandez 5260011. Remy Grosso 8030012. Remi Lamerat 8071013. Peter Betham 7330014. Alivereti Raka 8030015. Nick Abendanon 8061016. Yohan Beheregaray 2540017. Etienne Falgoux 2000018. Maxence Barjaud 1210019. Damien Chouly 2520020. Greig Laidlaw 2801021. Camille Lopez 2810022. Atila Septar 700023. Michael Simutoga 8100"
